Country,Rank,C1: Security Apparatus,C2: Factionalized Elites,C3: Group Grievance,E1: Economy,E2: Economic Inequality,E3: Human Flight and Brain Drain,P1: State Legitimacy,P2: Public Services,P3: Human Rights,S1: Demographic Pressures,S2: Refugees and IDPs,X1: External Intervention,Prison Population,Homeless People due to Natural Disaster,Life expectancy at birth (years),Total unemployment rate (% of labour force),EPI,Infant mortality rate,Education Index,Domestic credit provided by financial sector (% of GDP),GTI,TotalSudan,4th,9.5,9.8,9.7,8.6,7.9,8.8,9.6,8.8,9.6,8.7,10.0,9.8,0.842,0.842,8.3,5.22,8.435,1.19,0.82,10.53,1.84,AlertSomalia,2nd,9.7,10.0,9.5,9.1,9.0,9.2,9.3,9.3,10.0,9.6,9.8,9.5,0.845,0.845,6.65,1.5,8.1625,1.54,0.768,6.345,0.16,AlertCongo Democratic Republic,5th,9.5,9.5,9.5,7.9,8.8,7.1,9.0,9.7,10.0,9.5,9.4,9.8,0.498,0.498,6.33,0.76,6.378,5.66,0.469,0.04,6.5,AlertSouth Sudan,1st,10.0,10.0,10.0,9.0,8.8,6.9,10.0,10.0,10.0,9.8,10.0,10.0,0.781,0.781,7.49,0.86,7.9935,1.29,0.706,1.11,0,AlertSyria,9th,10.0,9.9,10.0,7.5,7.0,7.4,9.9,8.2,10.0,8.1,10.0,9.9,0.882,0.882,5.74,0.62,7.647,2.42,0.818,7.875,0.01,AlertYemen,7th,10.0,9.4,9.4,9.3,8.1,7.5,9.3,8.2,9.1,9.2,9.1,9.5,0.488,0.488,7.53,0.38,8.247,1.87,0.462,3.605,3.57,AlertCentral African Republic,3rd,9.8,10.0,9.6,8.3,9.7,6.9,9.5,9.9,10.0,8.4,10.0,9.8,0.919,0.919,8.2,1.12,3.369,0.44,0.89,1.715,5.25,AlertChad,6th,8.8,9.5,8.2,7.8,9.1,8.6,9.3,9.7,9.4,9.7,10.0,8.3,0.347,0.347,5.07,1.28,4.95,9.35,0.338,0.55,1.59,AlertAfghanistan,8th,10.0,9.3,8.9,8.6,7.2,8.1,9.7,9.3,8.6,9.3,9.1,9.8,0.479,0.479,6.04,1.82,2.7165,6.81,0.398,-0.115,5.6,AlertLiberia,21st,6.9,8.3,6.2,8.6,8.3,6.6,7.3,9.7,6.7,9.5,9.2,10.0,0.662,0.662,7.44,5.28,7.39,2.01,0.721,9.745,0.58,AlertGuinea,10th,8.9,9.6,8.7,9.2,7.6,7.2,9.9,9.8,8.2,9.0,8.7,8.1,0.751,0.751,7.34,2.24,6.018,1.11,0.725,1.42,5.52,AlertHaiti,11th,7.5,9.1,6.7,9.1,9.3,9.3,9.4,9.1,7.4,9.5,8.2,9.9,0.421,0.421,5.52,0.66,5.6095,6.24,0.353,1.445,2.58,WarningGuinea Bissau,17th,8.8,9.6,5.7,8.7,8.4,8.5,9.0,9.2,7.2,8.2,7.8,8.8,0.637,0.637,7.18,1.38,4.2405,2.51,0.508,0.79,7.86,WarningNigeria,14th,9.9,9.8,9.9,7.6,8.8,7.1,9.1,9.1,8.8,8.8,7.5,6.0,0.555,0.555,6.48,0.7,6.095,3.34,0.475,0.61,4.41,WarningZimbabwe,16th,7.9,9.7,7.8,8.0,8.1,8.0,9.0,8.5,8.3,8.7,8.4,7.6,0.836,0.836,5.85,1.92,8.32,1.23,0.681,5.69,0,WarningIraq,12th,10.0,9.6,10.0,6.9,7.8,8.1,9.2,7.5,8.9,8.2,8.9,9.4,0.615,0.615,6.8,2.26,6.0785,2.36,0.525,0,0.24,WarningPakistan,13th,9.6,9.2,10.0,7.7,7.3,7.0,8.6,7.9,8.4,9.0,8.9,9.3,0.351,0.351,7.49,0.96,6.5935,0.48,0.206,2.395,1.72,WarningBurundi,18th,7.7,7.9,8.0,8.5,7.7,6.8,8.4,8.3,8.2,9.2,9.0,8.4,0.399,0.399,5.87,2.14,3.821,6.22,0.261,1.17,4.24,WarningBangladesh,32nd,7.7,9.6,8.4,6.7,7.2,7.5,8.5,8.1,7.7,8.1,6.6,5.7,0.823,0.823,7.66,2.46,4.3,0.56,0.717,2.99,9.37,WarningNiger,19th,8.7,8.9,7.5,8.2,8.4,6.9,7.5,9.3,6.8,9.6,7.9,8.1,0.637,0.637,6.59,0.96,6.4215,4.07,0.546,2.365,1.45,WarningMali,30th,8.7,4.9,7.6,8.2,7.4,8.4,6.0,9.0,6.7,9.1,7.8,9.3,0.896,0.896,7.33,1.64,6.7645,3.7,0.783,3.535,2.71,WarningTajikistan,57th,6.8,8.4,7.3,7.4,5.6,6.3,9.1,5.9,7.6,7.8,4.8,6.4,0.764,0.764,5.57,0.16,7.612,8.74,0.752,8.8,4.71,WarningRwanda,37th,6.2,8.0,8.8,6.3,8.2,7.5,6.5,7.3,7.7,8.0,7.9,7.8,0.679,0.679,7.46,4.16,7.9545,1.81,0.637,2.4,4.73,WarningKenya,21st,8.4,8.9,9.0,7.5,8.3,7.5,8.1,7.9,6.5,9.0,8.3,8.0,0.902,0.902,8.35,1.34,6.256,1.58,0.842,1.755,1.18,WarningUzbekistan,52nd,7.6,8.8,7.6,6.8,7.0,6.3,9.6,5.4,9.1,6.1,6.0,5.1,0.723,0.723,7.28,2.04,8.73,4.61,0.641,8.435,1.34,WarningCote dIvoire,15th,8.3,9.1,8.7,7.1,7.9,6.7,8.5,9.0,7.9,8.1,9.0,9.7,0.775,0.775,7.94,0.54,3.6905,0.86,0.684,4.5,0,WarningJordan,81st,5.5,6.9,7.7,6.3,5.9,3.6,6.1,4.7,7.6,7.0,8.8,6.8,0.881,0.881,8.31,1.02,5.405,1.39,0.804,18.85,5.21,WarningMyanmar,27th,8.3,8.3,9.7,6.5,8.2,5.7,9.0,8.6,8.3,6.8,8.3,7.0,0.701,0.701,6.91,5.38,6.7055,1.39,0.725,1.75,0,WarningUganda,23rd,7.6,8.9,8.7,7.0,7.3,7.3,8.0,8.3,7.9,8.9,8.8,8.3,0.738,0.738,6.94,0.76,8.248,0.35,0.641,1.455,0.24,WarningIran,44th,8.0,9.4,8.5,6.9,6.1,6.2,8.9,5.0,9.3,5.4,6.5,7.0,0.919,0.919,8.26,3.2,5.9255,3.93,0.906,2.17,2.38,WarningNepal,35th,7.0,8.3,9.1,6.8,7.5,7.0,7.1,7.1,7.7,7.9,7.6,7.4,0.804,0.804,6.94,1.36,7.3235,1.99,0.797,2.765,2.3,WarningMauritania,26th,7.4,8.8,6.9,8.0,7.1,6.3,7.9,8.9,8.0,8.6,8.5,8.5,0.473,0.473,6.51,6.18,5.6985,0.62,0.445,0,0,WarningTogo,47th,7.0,7.6,4.5,6.8,8.1,7.3,8.1,8.6,7.2,8.0,7.1,6.5,0.909,0.909,7.11,1.06,8.2705,0.86,0.852,8.44,0,WarningVenezuela,74th,6.5,8.1,7.3,6.5,6.7,5.2,8.6,7.2,8.3,5.1,4.8,4.3,0.764,0.764,7.04,0.9,8.4935,5.36,0.666,12.59,0,WarningTimor-Leste,35th,7.7,8.3,6.5,8.4,6.7,7.0,7.4,8.4,5.8,8.9,6.8,8.7,0.541,0.541,6.35,1.54,8.2365,0.36,0.545,1.01,5.17,WarningEthiopia,20th,8.4,8.6,8.5,6.9,7.1,7.0,7.4,8.6,8.5,9.2,9.4,7.9,0.418,0.418,6.37,1.66,4.533,3.5,0.267,0,0.08,WarningEritrea,24th,7.7,8.1,6.1,8.3,7.2,7.6,9.1,8.7,9.3,8.8,7.8,8.2,0.678,0.678,7.3,1.48,5.389,1.49,0.584,0,0,WarningKyrgyz Republic,62nd,6.8,8.0,8.4,7.0,6.4,6.4,7.8,5.6,7.2,5.9,5.8,6.9,0.793,0.793,6.94,0.7,7.4995,3.66,0.805,8.115,2.85,WarningNorth Korea,29th,8.6,8.5,6.3,9.0,8.0,4.2,10.0,8.9,9.7,7.5,4.3,8.8,0.923,0.923,6.96,1.26,4.926,2.97,0.897,1.09,0,WarningLibya,25th,9.3,9.1,7.8,8.0,6.1,6.4,9.8,7.5,9.0,5.4,7.4,9.5,0.582,0.582,7.06,0.8,2.414,5.23,0.474,0.035,0,WarningLebanon,40th,8.8,9.3,8.6,5.9,5.7,5.4,7.8,5.4,7.2,5.7,9.1,9.2,0.899,0.899,7.03,2.16,6.1295,0.3,0.867,0,5.98,WarningCameroon,28th,7.6,9.1,8.1,6.2,7.8,7.5,8.4,8.8,8.0,8.0,7.8,7.0,0.646,0.646,7.33,0.88,3.1654,2.13,0.531,2.36,0,WarningEgypt,38th,8.2,9.0,8.7,8.1,6.5,4.7,8.7,5.4,9.8,7.1,6.7,7.1,0.718,0.718,7.35,1.24,3.9275,2.62,0.622,4.41,0,WarningLaos,55th,6.0,8.3,6.3,5.5,6.9,7.4,9.0,7.7,8.1,7.1,5.6,6.6,0.55,0.55,6.16,1.64,5.5105,4.46,0.518,3.035,4.67,WarningCambodia,42nd,6.7,8.2,7.4,6.4,7.1,7.5,8.4,7.7,8.3,7.0,5.8,7.4,0.406,0.406,5.67,0.08,4.6905,5.58,0.395,4.23,1.45,WarningAngola,42nd,6.0,7.2,7.3,5.6,9.6,6.0,8.3,8.9,7.3,8.7,7.6,5.6,0.857,0.857,8.13,1.52,3.3445,0.21,0.718,1.21,5.77,WarningGambia,51st,6.0,6.8,3.7,7.8,7.2,7.7,7.8,7.7,8.6,8.2,6.4,7.5,0.894,0.894,8.22,2.48,5.228,0.36,0.832,2.685,3.55,WarningSolomon Islands,50th,6.4,8.2,6.5,7.6,8.9,6.3,7.3,7.6,5.7,8.5,4.9,8.0,0.565,0.565,7.34,6.78,6.447,1.7,0.489,0.715,0,WarningSierra Leone,31st,4.8,7.7,6.2,8.7,8.8,8.4,6.9,9.3,5.6,9.5,8.2,7.8,0.762,0.762,6.42,0.68,6.4695,0.85,0.659,0.09,1.73,WarningMadagascar,56th,7.1,7.6,4.6,7.6,8.5,6.1,7.2,9.1,6.1,8.5,3.9,7.3,0.427,0.427,4.98,0.36,4.8335,5.47,0.423,9.725,0,WarningColombia,61st,7.3,7.6,8.0,3.8,7.5,6.7,7.1,6.0,7.3,6.9,7.8,6.5,0.734,0.734,7.58,3.88,4.3605,0.98,0.631,3.545,5.23,WarningMozambique,46th,7.0,6.9,5.9,7.8,8.6,7.4,7.2,9.0,6.1,8.7,5.0,7.3,0.637,0.637,7.68,0.92,3.51,2.94,0.649,5.59,0,WarningCongo Republic,33rd,6.7,6.7,6.6,6.4,8.2,6.8,8.7,9.1,7.9,7.8,8.3,7.6,0.59,0.59,6.23,1.92,4.2115,3.44,0.52,0.435,0.7,WarningSri Lanka,34th,7.9,9.1,9.3,5.9,7.6,7.8,8.0,5.6,8.8,6.0,8.2,6.4,0.924,0.924,5.09,1.38,7.795,0.6,0.814,1.13,0,WarningPapua New Guinea,57th,6.9,7.1,6.3,6.2,9.0,7.1,6.9,8.7,6.6,7.3,4.6,6.7,0.948,0.948,5.28,1.2,6.4555,5.84,0.916,3.93,0.19,WarningIsrael and West Bank,68th,7.0,8.1,9.7,3.9,6.9,3.8,6.3,5.3,7.4,6.0,7.4,7.6,0.774,0.774,7.54,2.54,5.4535,2.72,0.704,8.28,0.76,WarningDjibouti,41st,6.9,7.3,6.6,7.4,7.8,5.8,7.6,7.8,7.2,8.2,7.1,8.4,0.923,0.923,8.02,2.9,3.7005,0.3,0.923,3,0,WarningZambia,53rd,5.0,5.7,5.7,7.7,8.6,7.8,7.4,7.6,6.8,9.4,6.9,6.6,0.748,0.748,6.56,3.28,8.426,1.26,0.803,0,1.07,WarningTanzania,63rd,5.5,5.7,5.7,6.7,7.0,7.0,6.0,8.7,6.0,8.8,6.4,7.3,0.488,0.488,8.26,5.6,8.441,3.44,0.318,0,0,WarningHonduras,76th,6.7,6.6,6.4,6.3,7.7,6.9,6.7,6.7,6.3,6.8,3.7,7.4,0.638,0.638,6.64,1.54,6.1185,3.26,0.572,3.015,7.19,WarningBosnia and Herzegovina,78th,6.2,8.7,7.1,5.8,5.6,5.5,7.0,4.1,5.8,6.1,7.3,8.2,0.671,0.671,6.83,3.58,4.974,3.17,0.656,2.935,6.58,WarningGeorgia,70th,7.3,9.1,7.8,5.8,5.9,5.4,8.8,4.8,5.8,3.9,7.4,7.3,0.694,0.694,6.44,1,6.335,3.7,0.618,2.43,6.24,WarningThailand,71st,8.9,10.0,8.5,4.0,5.8,4.1,8.0,4.9,7.7,6.9,6.0,4.3,0.723,0.723,7.49,0.88,7.9625,6.2,0.63,0.975,2.67,WarningSwaziland,48th,6.0,6.8,3.7,9.3,8.1,6.9,8.5,7.5,8.5,8.5,4.9,7.6,0.514,0.514,8.04,0.9,8.307,0.22,0.445,1.045,0.81,WarningBolivia,76th,6.6,8.0,6.5,5.4,8.6,6.4,7.0,6.9,5.9,6.7,3.8,6.2,0.604,0.604,6.95,6.24,4.263,2.83,0.452,2.76,3.7,WarningBurkina Faso,39th,7.4,7.8,5.0,7.1,8.1,6.9,8.1,8.9,6.2,9.1,7.1,7.5,0.792,0.792,7.42,0.32,3.675,0.97,0.778,1.44,0.56,WarningPhilippines,48th,9.1,8.0,8.3,6.0,6.2,6.2,7.5,7.2,5.9,8.2,7.4,6.3,0.783,0.783,6.62,1.8,6.4175,1,0.808,1.235,0.04,WarningComoros,59th,7.2,7.5,5.0,8.0,7.0,7.8,6.8,8.0,6.1,7.6,4.5,7.8,0.724,0.724,7.4,1.44,4.2875,1.41,0.63,1.46,4,WarningMaldives,91st,6.1,7.8,4.6,6.4,4.1,5.6,8.5,6.1,7.5,5.8,4.7,7.0,0.846,0.846,8,2.32,6.431,0.16,0.882,7.025,4.66,WarningAlgeria,67th,8.0,7.7,8.2,6.4,6.0,5.1,7.8,5.8,7.1,5.7,6.4,5.4,0.743,0.743,7.48,2.12,4.47,2.2,0.658,0.9,5.19,WarningIndia,69th,7.9,7.3,8.3,5.6,7.5,5.5,5.2,7.5,5.9,8.0,5.4,5.3,0.916,0.916,8.4,1.18,5.5925,0.53,0.822,5.805,0.16,WarningEquatorial Guinea,54th,7.0,8.2,6.3,5.2,9.0,6.0,9.8,7.1,9.7,7.7,3.3,5.5,0.688,0.688,7.11,1.66,5.345,2.1,0.597,0.235,0.14,WarningRussia,65th,9.1,8.1,9.3,4.4,6.4,4.5,7.9,4.7,8.9,5.1,5.7,5.9,0.737,0.737,7.29,0.54,6.688,4.57,0.671,1.9,0,WarningMalawi,44th,4.8,7.7,5.4,8.6,8.4,8.1,6.9,7.8,6.2,8.8,6.1,8.1,0.719,0.719,6.09,1.32,4.548,1.19,0.616,0.81,0,WarningChina,83rd,5.9,7.2,8.3,3.4,7.4,4.6,8.0,6.2,9.2,7.4,5.6,3.2,0.845,0.845,8.17,1.82,4.76,0.72,0.784,8.47,0,WarningSenegal,60th,6.2,6.6,6.3,7.3,7.3,7.4,5.5,7.9,6.2,8.0,7.8,6.5,0.798,0.798,7.82,1.18,5.023,0.3,0.764,2.89,0,WarningTurkey,89th,7.7,7.3,9.0,5.0,6.2,3.7,6.3,4.9,6.4,5.5,7.5,5.0,0.625,0.625,8.3,1.98,8.2365,4.58,0.658,2,1.02,WarningMexico,99th,8.0,5.1,6.4,4.6,6.6,5.8,5.9,6.8,6.5,6.2,4.4,5.5,0.701,0.701,7.47,0.98,6.428,7.59,0.561,5.785,0.47,WarningBhutan,74th,5.0,7.5,7.9,5.7,6.9,6.8,5.0,6.6,6.5,6.0,6.9,7.9,0.481,0.481,5.96,0.64,3.688,6.57,0.408,2.365,2.59,WarningMorocco,89th,5.7,6.6,7.1,5.3,6.3,7.6,6.5,5.7,7.0,5.5,5.3,6.0,0.758,0.758,7.44,4.46,6.218,1.19,0.649,2.895,2.37,WarningUkraine,84th,7.9,8.0,7.0,6.5,4.7,5.5,8.5,3.8,6.4,4.5,4.4,9.1,0.746,0.746,6.5,1.86,7.91,1.17,0.673,4.32,0.95,WarningDominican Republic,104th,5.2,6.2,5.8,5.3,6.3,7.6,6.0,6.8,5.5,6.8,3.8,5.9,0.47,0.47,6.2,0.76,5.886,5.58,0.31,2.52,7.29,WarningParaguay,103rd,6.5,7.8,5.9,5.1,8.4,5.2,7.1,6.7,6.1,5.9,2.2,4.4,0.795,0.795,8.16,0.66,6.331,7.15,0.648,2.55,1.54,WarningSuriname,109th,5.4,5.8,5.8,6.8,6.6,7.3,5.5,5.8,4.9,5.3,3.0,6.2,0.888,0.888,7.63,1.6,7.5395,9.02,0.886,3.02,0,WarningGuyana,107th,5.8,5.1,6.5,6.2,6.2,9.1,5.9,6.1,3.9,5.6,3.6,6.5,0.414,0.414,5.88,0.78,7.196,6.28,0.33,3.04,4.66,WarningBelarus,87th,6.6,8.3,6.8,6.1,5.2,3.4,8.6,4.7,8.4,5.6,4.1,7.8,0.794,0.794,7.56,1.7,4.9805,1.23,0.773,2.14,3.76,WarningNicaragua,72nd,5.6,6.8,6.5,6.2,7.9,8.1,7.3,7.2,5.3,6.2,4.6,7.3,0.552,0.552,5.51,0.54,6.764,5.85,0.41,0,0,WarningFiji,82nd,6.7,7.9,7.0,6.7,6.8,7.6,7.4,4.5,6.9,4.7,3.4,7.2,0.863,0.863,7.68,1.74,3.19,0.25,0.876,5.655,1.26,WarningTunisia,86th,7.8,8.1,7.8,6.6,5.4,5.5,7.0,4.9,7.0,4.7,4.1,6.9,0.553,0.553,8.22,3.06,8.2215,1.95,0.436,-0.055,0.23,WarningGhana,100th,4.1,4.9,4.6,6.3,7.1,7.6,5.0,7.9,5.2,7.1,5.5,6.6,0.768,0.768,7.49,5.3,4.7265,1.13,0.794,1.91,3.71,WarningGuatemala,64th,7.0,6.0,7.9,6.0,8.0,6.7,6.6,7.4,6.6,7.3,5.5,5.4,0.865,0.865,8.09,1.52,3.399,0.37,0.83,2.09,0.01,WarningSaudi Arabia,101st,6.4,8.0,7.4,4.4,5.8,3.7,7.8,3.7,9.2,5.8,4.6,4.8,0.855,0.855,8.09,2.78,7.4605,0.45,0.698,5.41,0.23,WarningAzerbaijan,80th,6.7,7.9,6.4,4.1,5.9,4.3,8.6,5.4,8.4,5.1,7.6,6.9,0.892,0.892,8.14,3.02,4.1715,0.3,0.82,1.69,1.12,WarningBenin,73rd,6.2,6.1,3.9,6.6,7.5,6.8,6.2,8.6,5.6,8.2,6.0,7.1,0.706,0.706,7,0.52,3.4575,1.46,0.704,1.02,3.97,WarningIndonesia,88th,6.2,7.0,7.3,5.2,6.3,6.3,5.6,6.0,6.8,7.1,5.9,5.3,0.834,0.834,7.52,2.12,6.7015,0.16,0.835,3.79,0.54,WarningTurkmenistan,78th,6.8,7.8,7.1,5.0,6.9,5.1,9.7,6.1,8.8,5.7,3.9,4.6,0.519,0.519,6.96,2.02,7.989,0.24,0.42,1.475,0.58,WarningSerbia,92nd,6.0,8.0,8.1,6.7,5.3,5.3,5.7,4.7,4.9,5.5,7.0,6.6,0.805,0.805,7.47,1.94,7.744,0.7,0.816,3.87,0.07,WarningLesotho,66th,5.6,7.3,4.4,8.3,7.3,7.4,6.4,8.0,4.8,7.7,4.9,7.8,0.799,0.799,8.19,1.34,2.855,0.77,0.611,2.7,0,WarningSao Tome and Principe,93rd,5.5,6.3,4.5,8.4,6.5,7.9,6.1,5.8,3.8,6.7,4.3,7.9,0.841,0.841,7.74,1.32,5.796,2.28,0.756,4,0,WarningEcuador,85th,6.7,8.2,7.8,5.3,6.8,6.2,7.0,6.3,5.1,5.7,5.2,5.6,0.724,0.724,7.78,2.6,4.899,1.95,0.615,1.585,0,WarningArmenia,108th,5.3,7.0,5.4,6.0,5.0,6.0,7.0,4.1,6.5,3.6,7.0,6.8,0.826,0.826,7.63,1.22,3.9975,1.15,0.807,2.555,7.31,WarningVietnam,97th,5.1,6.9,6.5,5.8,5.5,5.6,8.1,5.2,7.8,6.1,4.7,5.1,0.688,0.688,7.48,1.4,8.3065,1.47,0.629,1.78,0.19,WarningSouth Africa,113th,5.3,5.6,5.5,6.3,7.4,4.9,5.3,6.4,4.3,7.0,5.9,3.1,0.491,0.491,7.43,4.98,7.942,0.27,0.355,3.285,2.55,WarningKazakhstan,110th,5.7,7.6,7.0,6.5,4.7,3.6,8.0,4.5,7.5,5.0,3.5,4.7,0.729,0.729,7.57,1.84,6.435,0.21,0.677,5.31,2.95,WarningBahrain,119th,6.7,7.1,7.7,3.2,5.1,3.5,8.4,2.3,7.8,4.6,2.6,5.3,0.79,0.79,7.54,0.88,4.868,1.02,0.713,3.755,10,WarningJamaica,117th,6.3,3.7,3.9,7.1,5.9,7.8,5.3,5.8,4.9,5.2,3.0,5.7,0.92,0.92,8.09,0.7,6.401,0.33,0.91,8.66,1.76,WarningGrenada,120th,5.6,5.6,3.8,5.9,5.3,8.4,5.9,3.7,3.7,5.2,3.2,7.1,0.575,0.575,6.14,0.34,6.8485,4.42,0.546,3.42,6.76,WarningGabon,104th,5.0,7.1,3.7,4.8,6.9,5.5,7.4,6.8,6.9,7.1,5.0,5.1,0.893,0.893,8.08,6.04,4.0295,0.2,0.847,0.69,0,WarningCroatia,137th,4.0,4.4,5.7,5.3,3.8,4.5,3.4,2.9,4.1,3.6,4.9,4.4,0.823,0.823,7.73,3.22,5.9645,0.38,0.795,15.39,6.4,WarningEl Salvador,102nd,6.5,4.3,6.3,5.9,6.6,6.9,4.8,6.7,6.1,6.9,5.1,5.3,0.739,0.739,7.59,1.72,4.0695,1.9,0.665,3.685,0,WarningMicronesia,94th,5.1,5.6,4.0,8.1,8.4,9.0,6.0,5.7,3.1,7.1,3.2,8.3,0.438,0.438,7.68,0.78,5.7275,0.52,0.312,2.505,0,WarningNamibia,106th,4.9,3.5,5.9,7.1,8.1,6.5,3.8,7.3,4.3,7.0,5.5,6.9,0.733,0.733,7.16,0.62,6.2015,0.29,0.738,1.49,3.04,WarningCape Verde,94th,5.7,5.5,4.0,6.2,7.5,8.6,5.7,6.5,4.5,7.1,4.1,8.1,0.514,0.514,5.55,1.52,3.386,5.86,0.493,0,0,WarningMacedonia,118th,5.4,7.0,7.0,5.7,5.6,5.5,5.5,4.4,3.9,3.3,5.3,5.9,0.495,0.495,7.93,1.18,6.5025,7.05,0.503,2.275,0.28,WarningCyprus,114th,4.4,7.9,7.0,6.7,6.4,4.5,5.3,3.0,3.3,4.0,4.5,9.2,0.854,0.854,8.02,1.88,5.87,0.26,0.786,1.46,4.9,WarningPeru,98th,7.1,6.7,7.5,3.7,7.3,6.7,7.1,7.1,4.6,5.3,4.8,4.0,0.548,0.548,7.68,1.32,5.572,0.22,0.395,2.04,0,WarningMoldova,96th,6.6,7.8,6.5,6.3,5.3,6.4,6.3,5.4,5.4,5.3,4.4,7.3,0.853,0.853,5.8,1.46,5.4605,3.02,0.781,-1.31,0,StableAlbania,125th,4.7,6.2,5.0,5.2,4.2,7.1,6.2,4.5,5.5,4.1,3.1,6.1,0.762,0.762,7.78,3.5,2.1565,1.29,0.715,3.385,7.41,StableAntigua and Barbuda,127th,5.2,3.7,3.9,5.0,5.0,7.3,5.9,3.9,4.5,4.6,3.0,5.8,0.531,0.531,5.23,1.46,3.353,9.88,0.48,4.23,5.9,StableSamoa,111th,5.2,5.1,4.5,6.5,5.4,8.9,6.2,5.0,4.5,6.2,2.1,8.6,0.852,0.852,6.82,3.94,5.394,1.36,0.852,0,0,StableBrazil,123rd,5.9,4.9,5.9,3.9,7.7,4.1,5.1,5.9,5.8,7.6,3.1,2.7,0.698,0.698,6.45,0.32,4.837,3.56,0.658,5.255,2.93,StableCuba,112th,5.7,7.0,4.5,4.5,5.9,5.7,7.0,4.7,7.3,5.6,4.5,5.0,0.773,0.773,7.94,1.22,4.334,0.41,0.779,3.67,0.31,StableMalaysia,115th,6.8,6.5,6.2,3.6,5.3,4.5,6.9,4.7,7.2,5.8,4.2,4.2,0.911,0.911,7.16,0.58,5.9,0.36,0.818,0.755,2.96,StableMongolia,129th,4.0,5.5,4.3,4.3,6.4,3.1,4.5,5.7,4.8,5.5,2.4,6.5,0.513,0.513,8.06,3.6,7.1635,6.61,0.377,1.94,0.27,StableSeychelles,124th,6.6,5.7,4.5,4.6,6.0,5.5,5.7,3.2,4.6,5.1,3.1,7.5,0.493,0.493,7.01,3.78,7.488,1.01,0.426,1.31,0,StableBelize,116th,5.8,4.3,4.1,5.9,6.2,6.5,5.7,5.8,4.1,5.9,4.1,6.9,0.895,0.895,8.08,0.22,4.209,0.34,0.841,2.85,0.35,StableBrunei Darussalam,121st,5.6,7.4,5.9,2.8,7.8,4.6,8.0,2.2,7.7,4.2,2.7,4.1,0.754,0.754,7.45,2.28,3.1245,1.44,0.677,1.275,2.45,StableTrinidad and Tobago,126th,5.7,5.6,4.1,4.3,5.5,7.5,5.0,4.8,4.6,5.0,3.0,3.6,0.938,0.938,4.9,0.66,7.338,4.88,0.892,2.735,0.53,StableBulgaria,130th,4.1,5.3,5.2,6.2,4.9,4.6,5.0,4.2,3.4,4.2,3.5,4.8,0.864,0.864,7.88,0.6,5.3005,0.85,0.714,3.125,6.25,StableKuwait,128th,3.9,7.5,4.7,3.0,4.7,3.1,7.3,2.5,7.3,5.1,4.0,4.4,0.741,0.741,7.4,0.7,6.8135,1.35,0.701,2.215,3.29,StableHungary,139th,2.4,5.3,4.7,5.9,4.3,3.3,6.6,3.3,4.5,2.3,2.5,4.0,0.49,0.49,6.28,0.98,5.7255,5.35,0.422,11.81,0,StableGreece,134th,4.5,3.7,5.0,6.5,4.2,3.8,6.5,3.9,3.4,3.6,1.6,5.9,0.924,0.924,8.09,0.56,5.885,0.32,0.914,6.93,2.61,StableBotswana,122nd,3.5,3.3,5.4,6.3,7.7,5.1,3.8,6.0,4.4,7.5,5.2,4.6,0.747,0.747,7.65,1.36,3.3685,0.54,0.694,0.425,0.08,StableRomania,132nd,3.5,5.2,6.8,5.2,4.7,4.5,5.6,4.3,3.9,3.7,2.7,4.1,0.692,0.692,6.26,1.04,6.7205,1.51,0.613,4.02,0.7,StableBarbados,138th,4.3,4.2,4.1,5.7,5.1,5.4,3.0,2.7,2.9,3.8,2.7,5.4,0.575,0.575,7.16,1.18,4.8735,3.21,0.457,0,8.58,StableOman,135th,4.7,6.6,3.0,4.5,4.2,1.9,6.6,3.8,7.5,5.0,2.0,2.2,0.642,0.642,8.18,5.38,5.916,0.33,0.542,2.06,0,StableUnited Arab Emirates,144th,3.1,3.6,3.9,2.9,4.2,2.5,6.6,2.7,7.1,4.5,2.2,2.9,0.603,0.603,7.44,0.76,8.0635,3.97,0.494,4.405,3.09,StableSpain,151st,3.3,6.1,5.8,5.0,4.0,2.4,3.3,2.7,1.9,2.5,1.7,2.2,0.431,0.431,7.31,2.66,7.38,4.23,0.374,9.285,2.59,StableMontenegro,132nd,4.0,6.3,7.3,4.6,2.9,3.6,4.0,3.6,4.2,3.3,4.5,5.9,0.779,0.779,6.31,1.98,6.1075,1.22,0.725,3.305,0,StableQatar,143rd,2.5,5.0,4.6,2.6,5.2,3.1,6.0,1.8,6.2,4.3,1.8,3.2,0.515,0.515,7.76,1.36,6.742,1.85,0.422,8.665,0.04,StableChile,150th,3.1,1.7,4.1,3.6,5.1,3.2,3.0,4.5,3.4,5.1,2.1,2.6,0.394,0.394,5.16,0.92,5.9715,8.67,0.28,6,4.01,StableCosta Rica,142nd,3.1,3.8,4.7,4.3,5.5,3.5,2.9,4.5,2.1,4.1,3.9,4.3,0.425,0.425,5.87,3.46,4.0005,7.65,0.457,3.15,0.41,StableBahamas,136th,4.0,4.5,4.1,4.7,5.0,5.0,4.3,4.4,3.0,6.1,2.8,3.7,0.758,0.758,7.08,0.24,3.1145,2.89,0.723,5.13,0,StablePanama,131st,5.1,2.5,5.6,3.4,7.3,4.0,4.0,5.5,4.8,5.7,3.5,3.2,0.525,0.525,6.14,0.66,6.024,1.94,0.475,0.49,0,StableLatvia,140th,3.5,4.3,7.4,4.0,4.6,4.4,3.9,3.4,3.0,3.4,2.9,3.8,0.586,0.586,6.6,0.3,6.3035,2.07,0.59,0.795,2.11,StableEstonia,146th,3.1,5.5,6.5,3.6,3.7,3.5,3.2,3.4,2.0,3.3,2.9,3.1,0.582,0.582,5.76,1.06,5.5325,7.03,0.439,3.52,0.01,StablePoland,153rd,2.3,3.8,4.4,4.1,3.5,4.4,3.2,2.8,2.5,3.3,2.8,2.7,0.678,0.678,7.27,2.78,5.453,6.74,0.655,2.79,0,StableArgentina,141st,3.6,2.8,5.0,4.9,5.4,3.0,4.7,4.3,4.1,3.8,2.0,4.0,0.784,0.784,7.61,3.24,3.4425,0.61,0.695,1.71,0.05,StableItaly,147th,4.4,4.9,4.9,5.6,3.4,2.0,4.2,2.3,2.5,3.1,3.7,2.2,0.649,0.649,6.94,2.74,6.9625,0.31,0.5,4.28,0.06,StableMauritius,145th,2.8,3.2,3.8,4.7,4.3,4.2,3.5,3.8,3.4,4.1,2.2,5.2,0.787,0.787,6.28,1.54,5.4805,0.78,0.7,0,3.63,StableCzech Republic,154th,2.6,4.3,3.8,4.8,3.2,2.8,4.2,3.1,2.1,1.9,2.0,2.6,0.875,0.875,7.86,1.32,4.4875,0.29,0.878,11.125,0,StableSlovak Republic,149th,2.3,3.7,5.9,5.1,4.0,4.2,3.7,2.9,2.7,2.8,2.0,3.3,0.72,0.72,7.51,2.64,6.6485,0.87,0.657,2.62,0,StableSouth Korea,156th,2.1,3.8,3.4,2.0,3.5,3.5,3.3,2.4,2.6,2.8,1.5,5.4,0.775,0.775,6.65,4.88,7.3375,3.55,0.76,3.435,0,StableFrance,160th,2.3,1.9,6.8,4.8,3.7,2.2,1.8,1.5,2.3,2.8,2.2,1.4,0.734,0.734,7,4.08,5.2195,1.94,0.777,7.4,1.99,StableMalta,151st,3.4,2.0,3.9,4.2,2.9,4.0,3.9,2.3,3.3,2.8,4.6,3.6,0.511,0.511,8.17,1.18,5.593,4.51,0.492,0.965,0,StableLithuania,148th,3.0,3.0,4.3,5.0,5.0,4.2,3.2,4.0,2.4,3.3,2.6,3.0,0.828,0.828,6.62,4.12,3.4165,0.72,0.835,1.8,0,StableUnited States,158th,2.8,4.0,5.0,2.8,4.8,1.5,2.4,2.1,3.7,3.0,2.1,1.1,0.718,0.718,6.82,1.26,8.3505,1.09,0.766,5.495,0.08,StableUruguay,155th,3.7,2.7,3.0,3.2,4.2,4.4,1.4,3.4,2.2,3.5,1.9,2.9,0.779,0.779,5.97,1.32,8.2205,0.52,0.717,4.15,0,SustainableAustria,167th,1.1,2.7,4.3,2.2,3.4,1.5,1.4,1.6,1.7,2.4,2.0,1.7,0.937,0.937,8.24,0.98,6.0705,0.32,0.939,6.345,8.12,SustainableJapan,157th,1.4,2.6,4.2,4.6,1.9,2.6,1.7,2.1,3.4,4.8,3.1,3.6,0.898,0.898,8.24,2.38,6.4185,0.3,0.87,2.62,0,SustainableAustralia,170th,2.1,1.6,4.4,2.1,2.7,1.0,1.1,2.0,2.4,1.8,2.1,1.0,0.741,0.741,7.47,1.12,2.9535,1.32,0.73,8.295,9.39,SustainableUnited Kingdom,161st,2.5,3.5,5.6,3.9,3.7,2.1,2.0,2.1,1.8,2.6,2.4,1.2,0.484,0.484,7.54,1.22,8.481,3.62,0.489,0.84,0.41,SustainableBelgium,163rd,2.0,3.9,4.1,4.5,3.2,1.9,1.9,2.1,1.2,2.5,1.6,1.5,0.798,0.798,7.13,2.32,5.4395,0.35,0.833,7.72,1.16,SustainableSingapore,159th,1.6,4.0,3.1,2.5,4.0,3.3,3.8,1.8,4.6,2.9,1.1,1.7,0.735,0.735,7.38,0.56,6.928,3.27,0.677,1.705,0,SustainableDenmark,175th,1.5,1.4,3.6,2.5,2.1,1.9,0.5,1.4,1.3,2.5,1.4,1.4,0.466,0.466,5.15,11.14,3.5895,6.85,0.406,1.66,4.01,SustainablePortugal,164th,1.6,1.8,2.6,5.1,2.9,2.2,1.8,2.7,2.3,2.6,1.6,2.5,0.785,0.785,7.29,0.04,7.3705,1.47,0.691,3.55,2.58,SustainableGermany,165th,2.1,2.0,4.6,2.9,3.3,2.1,1.2,1.6,1.5,2.5,3.0,1.3,0.45,0.45,6.02,1.18,5.688,4.86,0.358,7.03,0.1,SustainableSlovenia,162nd,2.1,1.6,3.9,4.2,3.9,2.8,2.6,2.0,2.0,2.8,1.4,2.3,0.702,0.702,7.29,1.94,7.113,1.3,0.702,1.655,0.29,SustainableNew Zealand,172nd,1.1,1.1,4.1,3.9,2.8,2.1,0.5,1.9,1.0,1.9,1.1,1.1,0.414,0.414,7.4,1.12,6.2005,2.46,0.366,11.535,0,SustainableNetherlands,166th,1.8,2.6,3.9,3.4,2.7,2.6,1.0,1.5,1.0,3.0,2.1,1.2,0.645,0.645,7.62,1.16,6.677,0.46,0.503,3.575,3.04,SustainableCanada,168th,2.2,2.5,3.9,1.8,3.0,2.2,0.9,2.0,1.8,2.4,2.0,1.0,0.558,0.558,6.84,1.38,2.9955,2.63,0.459,0.815,5.29,SustainableFinland,178th,1.4,1.1,1.6,3.8,1.0,2.3,0.5,1.2,0.9,1.5,1.5,1.0,0.441,0.441,6.41,2.06,4.4555,4.29,0.315,8.23,0,SustainableNorway,176th,2.5,1.1,3.7,1.7,2.0,1.6,0.4,1.4,1.3,2.0,1.9,1.2,0.913,0.913,8.16,1.12,6.7175,3.05,0.917,0,0,SustainableIreland,169th,1.8,1.3,1.9,4.1,2.7,2.8,1.5,1.9,1.2,2.2,1.4,1.9,0.686,0.686,6.89,1.18,5.7655,1.39,0.622,0.02,0,SustainableIceland,171st,1.0,1.8,1.3,3.6,1.6,2.8,0.9,1.7,1.1,1.6,1.4,4.6,0.623,0.623,7.31,0.7,3.804,1.8,0.518,3.065,0,SustainableSweden,177th,2.1,1.8,1.3,2.3,1.8,1.5,1.0,1.6,1.0,2.5,2.3,1.0,0.665,0.665,6.79,2.64,6.3795,0.61,0.705,1.945,0,SustainableSwitzerland,173rd,1.4,1.0,3.6,2.0,2.7,2.1,1.0,1.4,1.8,1.9,2.1,1.3,0.421,0.421,5.54,2.18,6.72,0.22,0.297,0.825,0,SustainableLuxembourg,174th,2.0,3.4,3.1,1.5,1.5,2.1,1.3,1.3,1.0,1.7,1.7,1.6,0.763,0.763,7.42,2.14,4.8025,0.73,0.656,-2.1,0,Sustainable